time;mode;status;power_kw;energy_today_kwh;energy_total_kwh;power_limit_percent;irradiance_w_m2;cloud_cover_percent;temperature_c
2026-09-23 00:00;Manual;Night;0;0;0;100;0;0;8,8
2026-09-23 00:15;Manual;Night;0;0;0;100;0;0;8,6
2026-09-23 00:30;Manual;Night;0;0;0;100;0;0;8,4
2026-09-23 00:45;Manual;Night;0;0;0;100;0;0;8,2
2026-09-23 01:00;Manual;Night;0;0;0;100;0;0;8
2026-09-23 01:15;Manual;Night;0;0;0;100;0;0;7,325
2026-09-23 01:30;Manual;Night;0;0;0;100;0;0;6,65
2026-09-23 01:45;Manual;Night;0;0;0;100;0;0;5,975
2026-09-23 02:00;Manual;Night;0;0;0;100;0;0;5,3
2026-09-23 02:15;Manual;Night;0;0;0;100;0;0;4,975
2026-09-23 02:30;Manual;Night;0;0;0;100;0;0;4,65
2026-09-23 02:45;Manual;Night;0;0;0;100;0;0;4,325
2026-09-23 03:00;Manual;Night;0;0;0;100;0;0;4
2026-09-23 03:15;Manual;Night;0;0;0;100;0;0;3,875
2026-09-23 03:30;Manual;Night;0;0;0;100;0;0;3,75
2026-09-23 03:45;Manual;Night;0;0;0;100;0;0;3,625
2026-09-23 04:00;Manual;Night;0;0;0;100;0;0;3,5
2026-09-23 04:15;Manual;Night;0;0;0;100;0;0;3,425
2026-09-23 04:30;Manual;Night;0;0;0;100;0;0;3,35
2026-09-23 04:45;Manual;Night;0;0;0;100;0;0;3,275
2026-09-23 05:00;Manual;Night;0;0;0;100;0;0;3,2
2026-09-23 05:15;Manual;Night;0;0;0;100;0;0;3,175
2026-09-23 05:30;Manual;Night;0;0;0;100;0;0;3,15
2026-09-23 05:45;Manual;Night;0;0;0;100;0;0;3,125
2026-09-23 06:00;Manual;Night;0;0;0;100;0;0;3,1
2026-09-23 06:15;Manual;Night;0;0;0;100;0;0;3,075
2026-09-23 06:30;Manual;Night;0;0;0;100;0;0;3,05
2026-09-23 06:45;Manual;Night;0;0;0;100;0;0;3,025
2026-09-23 07:00;Manual;Night;0;0;0;100;0;0;3
2026-09-23 07:15;Auto;Producing;0,028;0,007;0,007;100;6,403;93,433;3,6
2026-09-23 07:30;Auto;Producing;0,087;0,029;0,029;100;20,154;70,316;4,2
2026-09-23 07:45;Auto;Producing;0,153;0,067;0,067;100;35,504;42,282;4,8
2026-09-23 08:00;Auto;Producing;0,21;0,119;0,119;100;48,84;20,209;5,4
2026-09-23 08:15;Auto;Producing;0,38;0,214;0,214;100;89,211;20,152;6,4
2026-09-23 08:30;Auto;Producing;0,549;0,352;0,352;100;129,827;15,528;7,4
2026-09-23 08:45;Auto;Producing;0,714;0,53;0,53;100;170,133;17,886;8,4
2026-09-23 09:00;Auto;Producing;0,878;0,75;0,75;100;210,741;15,152;9,4
2026-09-23 09:15;Auto;Producing;1,044;1,011;1,011;100;252,475;14,635;10,15
2026-09-23 09:30;Auto;Producing;1,209;1,313;1,313;100;294,408;10,119;10,9
2026-09-23 09:45;Auto;Producing;1,371;1,656;1,656;100;336,077;11,737;11,65
2026-09-23 10:00;Auto;Producing;1,531;2,039;2,039;100;377,957;7,545;12,4
2026-09-23 10:15;Auto;Producing;1,667;2,455;2,455;100;413,724;6,346;12,825
2026-09-23 10:30;Auto;Producing;1,802;2,906;2,906;100;449,481;5,631;13,25
2026-09-23 10:45;Auto;Producing;1,935;3,389;3,389;100;485,238;4,807;13,675
2026-09-23 11:00;Auto;Producing;2,066;3,906;3,906;100;521;1,695;14,1
2026-09-23 11:15;Auto;Producing;2,16;4,446;4,446;100;546,722;5,953;14,375
2026-09-23 11:30;Auto;Producing;2,254;5,01;5,01;100;572,494;3,785;14,65
2026-09-23 11:45;Auto;Producing;2,346;5,596;5,596;100;598,183;7,478;14,925
2026-09-23 12:00;Auto;Producing;2,438;6,206;6,206;100;623,965;6,137;15,2
2026-09-23 12:15;Auto;Producing;2,485;6,827;6,827;100;637,378;8,775;15,4
2026-09-23 12:30;Auto;Producing;2,531;7,46;7,46;100;650,675;11,628;15,6
2026-09-23 12:45;Auto;Producing;2,578;8,104;8,104;100;664,1;12,294;15,8
2026-09-23 13:00;Auto;Producing;2,625;8,76;8,76;100;677,9;8,117;16
2026-09-23 13:15;Auto;Producing;2,618;9,415;9,415;100;677,252;14,718;16,425
2026-09-23 13:30;Auto;Producing;2,605;10,066;10,066;100;674,824;22,597;16,85
2026-09-23 13:45;Auto;Producing;2,6;10,716;10,716;100;674,717;23,163;17,275
2026-09-23 14:00;Auto;Producing;2,577;11,36;11,36;100;669,478;30,676;17,7
2026-09-23 14:15;Auto;Producing;2,515;11,989;11,989;100;652,287;35,403;17,7
2026-09-23 14:30;Auto;Producing;2,414;12,593;12,593;100;624,345;45,33;17,7
2026-09-23 14:45;Auto;Producing;2,361;13,183;13,183;100;609,528;48,945;17,7
2026-09-23 15:00;Auto;Producing;2,215;13,737;13,737;100;569,428;59,457;17,7
2026-09-23 15:15;Auto;Producing;2,1;14,262;14,262;100;537,969;58,319;17,6
2026-09-23 15:30;Auto;Producing;2,107;14,788;14,788;100;539,66;47,319;17,5
2026-09-23 15:45;Auto;Producing;2,004;15,289;15,289;100;511,655;45,048;17,4
2026-09-23 16:00;Auto;Producing;1,942;15,775;15,775;100;494,843;35,036;17,3
2026-09-23 16:15;Auto;Producing;1,839;16,235;16,235;100;467,01;27,67;17,175
2026-09-23 16:30;Auto;Producing;1,728;16,667;16,667;100;437,192;18,639;17,05
2026-09-23 16:45;Auto;Producing;1,607;17,069;17,069;100;405,132;14,304;16,925
2026-09-23 17:00;Auto;Producing;1,485;17,44;17,44;100;372,928;8,83;16,8
2026-09-23 17:15;Manual;Producing;1,329;17,772;17,772;100;331,952;10;16,5
2026-09-23 17:30;Manual;Producing;1,169;18,064;18,064;100;290,39;20;16,2
2026-09-23 17:45;Manual;Producing;0,982;18,31;18,31;100;242,549;40;15,9
2026-09-23 18:00;Manual;Producing;0,746;18,496;18,496;100;182,999;60;15,6
2026-09-23 18:15;Manual;Producing;0,343;18,582;18,582;100;83,079;90;14,975
2026-09-23 18:30;Manual;Producing;0,145;18,618;18,618;100;34,807;100;14,35
2026-09-23 18:45;Manual;Producing;0,108;18,645;18,645;100;25,938;100;13,725
2026-09-23 19:00;Manual;Producing;0,069;18,662;18,662;100;16,516;100;13,1
2026-09-23 19:15;Manual;Producing;0,05;18,675;18,675;100;12,025;100;13
2026-09-23 19:30;Manual;Producing;0,033;18,683;18,683;100;7,811;100;12,9
2026-09-23 19:45;Manual;Producing;0,016;18,687;18,687;100;3,818;100;12,8
2026-09-23 20:00;Manual;Night;0;18,687;18,687;100;0;100;12,7
2026-09-23 20:15;Manual;Night;0;18,687;18,687;100;0;100;12,3
2026-09-23 20:30;Manual;Night;0;18,687;18,687;100;0;100;11,9
2026-09-23 20:45;Manual;Night;0;18,687;18,687;100;0;100;11,5
2026-09-23 21:00;Manual;Night;0;18,687;18,687;100;0;100;11,1
2026-09-23 21:15;Manual;Night;0;18,687;18,687;100;0;90;10,775
2026-09-23 21:30;Manual;Night;0;18,687;18,687;100;0;70;10,45
2026-09-23 21:45;Manual;Night;0;18,687;18,687;100;0;70;10,125
2026-09-23 22:00;Manual;Night;0;18,687;18,687;100;0;70;9,8
2026-09-23 22:15;Manual;Night;0;18,687;18,687;100;0;70;9,55
2026-09-23 22:30;Manual;Night;0;18,687;18,687;100;0;70;9,3
2026-09-23 22:45;Manual;Night;0;18,687;18,687;100;0;70;9,05
2026-09-23 23:00;Manual;Night;0;18,687;18,687;100;0;70;8,8
2026-09-23 23:15;Manual;Night;0;18,687;18,687;100;0;60;8,675
2026-09-23 23:30;Manual;Night;0;18,687;18,687;100;0;50;8,55
2026-09-23 23:45;Manual;Night;0;18,687;18,687;100;0;50;8,425
2026-09-24 00:00;Manual;Night;0;0;18,687;100;0;40;8,3
2026-09-24 00:15;Manual;Night;0;0;18,687;100;0;40;8,15
2026-09-24 00:30;Manual;Night;0;0;18,687;100;0;40;8
2026-09-24 00:45;Manual;Night;0;0;18,687;100;0;40;7,85
2026-09-24 01:00;Manual;Night;0;0;18,687;100;0;40;7,7
2026-09-24 01:15;Manual;Night;0;0;18,687;100;0;40;7,6
2026-09-24 01:30;Manual;Night;0;0;18,687;100;0;40;7,5
2026-09-24 01:45;Manual;Night;0;0;18,687;100;0;40;7,4
2026-09-24 02:00;Manual;Night;0;0;18,687;100;0;40;7,3
2026-09-24 02:15;Manual;Night;0;0;18,687;100;0;40;7,5
2026-09-24 02:30;Manual;Night;0;0;18,687;100;0;40;7,7
2026-09-24 02:45;Manual;Night;0;0;18,687;100;0;40;7,9
2026-09-24 03:00;Manual;Night;0;0;18,687;100;0;40;8,1
2026-09-24 03:15;Manual;Night;0;0;18,687;100;0;40;8,275
